<?xml version="1.0" encoding="utf-8"?>
<!-- 
	file:	 conditionmenues.xml
-->
<conditionmenues>
	<conditionmenu>
		<id>1</id>
		<description>Customized Dropdown 1</description>
		<label>Dropdown 1</label>
		<key>$1</key>
		<keyword>$1</keyword>
		<defaultselection>1</defaultselection>
	</conditionmenu>
	<conditionmenu>
		<id>2</id>
		<description>Customized Dropdown 2</description>
		<label>Dropdown 2</label>
		<key>$2</key>
		<keyword>$2</keyword>
		<defaultselection>1</defaultselection>
	</conditionmenu>
	<conditionmenu>
		<id>3</id>
		<description>Customized Dropdown 3</description>
		<label>Dropdown 3</label>
		<key>$3</key>
		<keyword>$3</keyword>
		<defaultselection>1</defaultselection>
	</conditionmenu>
</conditionmenues>
