<?xml version="1.0" encoding="UTF-8"?>
<grids>
	<grid>
		<id>0</id>
		<name></name>
		<masterdocid></masterdocid>
		<description></description>
		<xpos>0.0</xpos>
		<ypos>0.0</ypos>
		<xsize>0.0</xsize>
		<ysize>0.0</ysize>
		<preview>
			<src>grids\preview\0.gif</src>
		</preview>
		<type>
			<id>0</id>
			<name></name>
		</type>
		<domain>
			<id>0</id>
			<name></name>
		</domain>
		<spread>
			<position>middle</position>
			<leftitem>0</leftitem>
			<middleitem>0</middleitem>
			<rightitem>0</rightitem>
		</spread>
		<placeholders>
			<placeholder>
				<id>0</id>
				<name></name>
				<xpos>0.0</xpos>
				<ypos>0.0</ypos>
				<xsize>0.0</xsize>
				<ysize>0.0</ysize>
			</placeholder>
		</placeholders>
	</grid>
</grids>
